191,http://pbs.twimg.com/media/DsNcn37UcAAU3SM.jpg,2018-11-17 14:07:35
144,http://pbs.twimg.com/media/DsM_TS4UUAE8z-D.jpg,2018-11-17 11:59:47
35,http://pbs.twimg.com/media/DsLd2BTVsAAPEaI.jpg,2018-11-17 04:54:49
50,http://pbs.twimg.com/media/DsLHYiCXoAElyxI.jpg,2018-11-17 03:15:33
588,http://pbs.twimg.com/media/DsKugFFW0AIEBM3.jpg,2018-11-17 01:26:53
170,http://pbs.twimg.com/media/DsIFBuGWoAABLz3.jpg,2018-11-16 13:06:21
264,http://pbs.twimg.com/media/DsGDbokU0AAjpsW.jpg,2018-11-16 08:10:00
50,http://pbs.twimg.com/media/DsFqNJFVAAA6g23.jpg,2018-11-16 01:49:57
38,http://pbs.twimg.com/media/DsErBUaXcAA4FFJ.jpg,2018-11-15 21:13:52
36,http://pbs.twimg.com/media/DsDVjyiWsAAh12o.jpg,2018-11-15 15:00:36
41,http://pbs.twimg.com/media/DsDKrf5XcAA1gCs.jpg,2018-11-15 14:12:58
75,http://pbs.twimg.com/media/DsCZ6cXU0AAiCGJ.jpg,2018-11-15 10:39:56
54,http://pbs.twimg.com/media/Dr_9fTYX0AUQ24o.jpg,2018-11-14 23:16:30
35,http://pbs.twimg.com/media/Dr-D_iLU8AEi-yl.jpg,2018-11-14 14:25:38
42,http://pbs.twimg.com/media/Dr69Z59WkAYhSKy.jpg,2018-11-13 23:58:00
68,http://pbs.twimg.com/media/Dr56FIqX0AAtA1D.jpg,2018-11-13 19:03:50
324,http://pbs.twimg.com/media/Dr4oslSXgAAIU8-.jpg,2018-11-13 13:08:16
301,http://pbs.twimg.com/media/Dr3PK_cUUAAq5fj.jpg,2018-11-13 06:37:29
34,http://pbs.twimg.com/media/Dr2L61AU4AECQv1.jpg,2018-11-13 01:43:20
39,http://pbs.twimg.com/media/Dr1Fd3qWwAUoBKM.jpg,2018-11-12 20:35:32
32,http://pbs.twimg.com/media/Dr0E3BCXgAA17k-.jpg,2018-11-12 15:53:15
52,http://pbs.twimg.com/media/DrzdhcSVAAARm-b.jpg,2018-11-12 13:01:23
39,http://pbs.twimg.com/media/DrywIV6XcAEH_NW.jpg,2018-11-12 09:43:28
51,http://pbs.twimg.com/amplify_video_thumb/1061718809294315520/img/9gzLFLcjXifQvQxG.jpg,2018-11-11 22:40:00
44,http://pbs.twimg.com/media/DrwYBagXcAAdUYd.jpg,2018-11-11 22:38:34
92,http://pbs.twimg.com/media/Drvwu3rU0AEGtG5.jpg,2018-11-11 19:46:48
424,http://pbs.twimg.com/media/DruEtPcV4AA2YGV.jpg,2018-11-11 11:54:50
73,http://pbs.twimg.com/media/Drt58-FWwAATmJR.jpg,2018-11-11 11:07:54
256,http://pbs.twimg.com/media/DrtM9jGWoAAxp7h.jpg,2018-11-11 07:51:23
318,http://pbs.twimg.com/media/Drrh1WTX4AA2Bzv.jpg,2018-11-11 00:03:13
1180,http://pbs.twimg.com/amplify_video_thumb/1061320746402832387/img/wtrcDeyPIijlSRlf.jpg,2018-11-10 21:08:47
264,http://pbs.twimg.com/media/Dro8s2eW4AA5TKM.jpg,2018-11-10 12:02:23
57,http://pbs.twimg.com/media/DrnGvzPXcAAgtrH.jpg,2018-11-10 03:26:25
122,http://pbs.twimg.com/media/DrkxZ3bWkAAtxlf.jpg,2018-11-09 16:33:57
66,http://pbs.twimg.com/media/DrkOyMfU8AUobeW.jpg,2018-11-09 14:02:40
54,http://pbs.twimg.com/media/Drj7HRYWsAAIhA8.jpg,2018-11-09 12:36:52
